{
    "center_camera-intrinsic": {
        "sensor_name": "center_camera",
        "target_sensor_name": "center_camera",
        "device_type": "camera",
        "param_type": "intrinsic",
        "param": {
            "img_dist_w": 1920,
            "img_dist_h": 1080,
            "cam_K": {
                "rows": 3,
                "cols": 3,
                "type": 6,
                "continuous": true,
                "data": [
                    [
                        1958.53782296511,
                        0,
                        1010.15988010770
                    ],
                    [
                        0,
                        1955.66274847103,
                        568.115926358669
                    ],
                    [
                        0,
                        0,
                        1
                    ]
                ]
            },
            "cam_dist": {
                "rows": 1,
                "cols": 5,
                "type": 6,
                "continuous": true,
                "data": [
                    [
                        -0.551856904528291,
                        0.351954098557375,
                        -0.00151493530804559,
                        -0.000782756809651750,
                        -0.137742016319233
                    ]
                ]
            }
        }
    }
}
